timestamp,img_type,img_rotated,model_name,model_type,pretrain,loss_function,comments,batch_size,epochs,size_train,size_test,test_loss,test_iou_score,test_f1-score,val_loss,val_iou_score,val_f1-score,train_loss,train_iou_score,train_f1-score
16/7/2020 9:03,trial,trial,trial,trial,trial,trial,trial,0,0,0,0,0,0,0,0,0,0,0,0,0
16/7/2020 11:10,SAR-Intensity,TRUE,ID_1__MODEL_segmentation-models Unet__PRETRAIN_efficientnetb0__LOSS_JaccardLoss()__EPOCH_60__TRAIN_800__TEST_80,segmentation-models Unet,efficientnetb0,JaccardLoss(),"rotation test, early stopping patience 5",16,60,800,80,0.963246727,0.036926415,0.071222089,0.992768157,0.007458907,0.014804614,0.957220713,0.042474378,0.080250971
16/7/2020 11:26,SAR-Intensity,TRUE,ID_2__MODEL_segmentation-models Unet__PRETRAIN_efficientnetb0__LOSS_JaccardLoss()__EPOCH_60__TRAIN_800__TEST_80,segmentation-models Unet,efficientnetb0,JaccardLoss(),"rotation test, early stopping patience 5",16,60,800,80,0.658034813,0.347249985,0.514196694,0.726776052,0.284935713,0.441136748,0.63306073,0.367585272,0.536501288
16/7/2020 11:33,SAR-Intensity,TRUE,ID_3__MODEL_segmentation-models Unet__PRETRAIN_efficientnetb0__LOSS_JaccardLoss()__EPOCH_60__TRAIN_800__TEST_80,segmentation-models Unet,efficientnetb0,JaccardLoss(),"rotation test, early stopping patience 5",16,60,800,80,0.968947709,0.032200258,0.062260177,0.995533669,0.004163089,0.008287405,0.965332999,0.034215592,0.06548395
16/7/2020 11:45,SAR-Intensity,TRUE,ID_4__MODEL_segmentation-models Unet__PRETRAIN_efficientnetb0__LOSS_JaccardLoss()__EPOCH_60__TRAIN_800__TEST_80,segmentation-models Unet,efficientnetb0,JaccardLoss(),"rotation test, early stopping patience 5",16,60,800,80,0.749252272,0.25775674,0.408757448,0.912634826,0.099454425,0.177375868,0.717328674,0.283575833,0.440459281
16/7/2020 12:02,SAR-Intensity,TRUE,ID_5__MODEL_segmentation-models Unet__PRETRAIN_efficientnetb0__LOSS_JaccardLoss()__EPOCH_60__TRAIN_800__TEST_80,segmentation-models Unet,efficientnetb0,JaccardLoss(),"rotation test, early stopping patience 5",16,60,800,80,0.693805707,0.320815504,0.483295172,0.930838966,0.073166274,0.135957763,0.599919358,0.399911761,0.569917023
16/7/2020 12:41,SAR-Intensity,TRUE,ID_6__MODEL_segmentation-models Unet__PRETRAIN_efficientnetb0__LOSS_JaccardLoss()__EPOCH_60__TRAIN_800__TEST_80,segmentation-models Unet,efficientnetb0,JaccardLoss(),"rotation test, early stopping patience 5",16,60,800,80,0.629990685,0.377826542,0.547329664,0.76636039,0.252699256,0.398624182,0.530584953,0.46947661,0.63855958
16/7/2020 12:58,SAR-Intensity,TRUE,ID_7__MODEL_segmentation-models Unet__PRETRAIN_efficientnetb0__LOSS_JaccardLoss()__EPOCH_60__TRAIN_800__TEST_80,segmentation-models Unet,efficientnetb0,JaccardLoss(),"rotation test, early stopping patience 5",16,60,800,80,0.658604765,0.351754189,0.518937111,0.897506309,0.110375792,0.197385803,0.582418142,0.417439878,0.587239087
16/7/2020 13:05,SAR-Intensity,TRUE,ID_8__MODEL_segmentation-models Unet__PRETRAIN_efficientnetb0__LOSS_JaccardLoss()__EPOCH_60__TRAIN_800__TEST_80,segmentation-models Unet,efficientnetb0,JaccardLoss(),"rotation test, early stopping patience 5",16,60,800,80,0.932684827,0.067594528,0.126326784,0.972808158,0.029389083,0.056725249,0.935260945,0.06502796,0.118580148
16/7/2020 13:24,SAR-Intensity,TRUE,ID_9__MODEL_segmentation-models Unet__PRETRAIN_efficientnetb0__LOSS_JaccardLoss()__EPOCH_60__TRAIN_800__TEST_80,segmentation-models Unet,efficientnetb0,JaccardLoss(),"rotation test, early stopping patience 5",16,60,800,80,0.672883356,0.339623541,0.50543499,0.890262556,0.11727605,0.208517507,0.543647533,0.456291229,0.625080884
16/7/2020 13:31,SAR-Intensity,TRUE,ID_10__MODEL_segmentation-models Unet__PRETRAIN_efficientnetb0__LOSS_JaccardLoss()__EPOCH_60__TRAIN_800__TEST_80,segmentation-models Unet,efficientnetb0,JaccardLoss(),"rotation test, early stopping patience 5",16,60,800,80,0.895008779,0.110185325,0.197562948,0.97659359,0.022189805,0.043373898,0.887625082,0.111917332,0.1993393
16/7/2020 15:27,SAR-Intensity,FALSE,ID_11__MODEL_segmentation-models Unet__PRETRAIN_efficientnetb0__LOSS_JaccardLoss()__EPOCH_60__TRAIN_800__TEST_80,segmentation-models Unet,efficientnetb0,JaccardLoss(),"rotation test, early stopping patience 5",16,60,800,80,0.634594464,0.373155862,0.542622387,0.850502038,0.163352206,0.277592748,0.544609703,0.455641717,0.625116467
16/7/2020 15:41,SAR-Intensity,FALSE,ID_12__MODEL_segmentation-models Unet__PRETRAIN_efficientnetb0__LOSS_JaccardLoss()__EPOCH_60__TRAIN_800__TEST_80,segmentation-models Unet,efficientnetb0,JaccardLoss(),"rotation test, early stopping patience 5",16,60,800,80,0.674040699,0.332724243,0.498807281,0.908854699,0.097038992,0.17595242,0.60398039,0.396385163,0.566297352
16/7/2020 15:47,SAR-Intensity,FALSE,ID_13__MODEL_segmentation-models Unet__PRETRAIN_efficientnetb0__LOSS_JaccardLoss()__EPOCH_60__TRAIN_800__TEST_80,segmentation-models Unet,efficientnetb0,JaccardLoss(),"rotation test, early stopping patience 5",16,60,800,80,0.917848086,0.087328881,0.160096765,0.983619046,0.017680941,0.034670711,0.939265957,0.061102428,0.113261908
16/7/2020 15:53,SAR-Intensity,FALSE,ID_14__MODEL_segmentation-models Unet__PRETRAIN_efficientnetb0__LOSS_JaccardLoss()__EPOCH_60__TRAIN_800__TEST_80,segmentation-models Unet,efficientnetb0,JaccardLoss(),"rotation test, early stopping patience 5",16,60,800,80,0.986158574,0.01559955,0.030628612,0.998166013,0.001911681,0.003815895,0.984080207,0.015713809,0.03058126
16/7/2020 15:59,SAR-Intensity,FALSE,ID_15__MODEL_segmentation-models Unet__PRETRAIN_efficientnetb0__LOSS_JaccardLoss()__EPOCH_60__TRAIN_800__TEST_80,segmentation-models Unet,efficientnetb0,JaccardLoss(),"rotation test, early stopping patience 5",16,60,800,80,0.878635836,0.119954705,0.214144066,0.976595354,0.024846517,0.048384946,0.882144819,0.11722324,0.206674591
16/7/2020 16:22,SAR-Intensity,FALSE,ID_16__MODEL_segmentation-models Unet__PRETRAIN_efficientnetb0__LOSS_JaccardLoss()__EPOCH_60__TRAIN_800__TEST_80,segmentation-models Unet,efficientnetb0,JaccardLoss(),"rotation test, early stopping patience 5",16,60,800,80,0.669118679,0.34588185,0.511592448,0.905921006,0.105065286,0.187175319,0.53763242,0.462557018,0.631524682
16/7/2020 16:45,SAR-Intensity,FALSE,ID_17__MODEL_segmentation-models Unet__PRETRAIN_efficientnetb0__LOSS_JaccardLoss()__EPOCH_60__TRAIN_800__TEST_80,segmentation-models Unet,efficientnetb0,JaccardLoss(),"rotation test, early stopping patience 5",16,60,800,80,0.648321414,0.357321262,0.525842845,0.802825642,0.208044335,0.342183918,0.570564543,0.430047661,0.600399792
16/7/2020 16:51,SAR-Intensity,FALSE,ID_18__MODEL_segmentation-models Unet__PRETRAIN_efficientnetb0__LOSS_JaccardLoss()__EPOCH_60__TRAIN_800__TEST_80,segmentation-models Unet,efficientnetb0,JaccardLoss(),"rotation test, early stopping patience 5",16,60,800,80,0.967871594,0.03156247,0.060974065,0.994783294,0.005303221,0.010549318,0.967019867,0.032637466,0.061550897
16/7/2020 17:26,SAR-Intensity,FALSE,ID_19__MODEL_segmentation-models Unet__PRETRAIN_efficientnetb0__LOSS_JaccardLoss()__EPOCH_60__TRAIN_800__TEST_80,segmentation-models Unet,efficientnetb0,JaccardLoss(),"rotation test, early stopping patience 5",16,60,800,80,0.631348872,0.378455907,0.54811579,0.861695588,0.147410974,0.255344301,0.447450896,0.552444339,0.711092412
16/7/2020 17:52,SAR-Intensity,FALSE,ID_20__MODEL_segmentation-models Unet__PRETRAIN_efficientnetb0__LOSS_JaccardLoss()__EPOCH_60__TRAIN_800__TEST_80,segmentation-models Unet,efficientnetb0,JaccardLoss(),"rotation test, early stopping patience 5",16,60,800,80,0.644422138,0.367025137,0.535639942,0.887590265,0.122339152,0.215860531,0.445813482,0.554293692,0.712328792
17/7/2020 4:53,SAR-Intensity,TRUE,ID_21__MODEL_segmentation-models Unet__PRETRAIN_efficientnetb0__LOSS_JaccardLoss()__EPOCH_100__TRAIN_800__TEST_80,segmentation-models Unet,efficientnetb0,JaccardLoss(),"rotation test, early stopping patience 15",16,100,800,80,0.659115791,0.34531197,0.513145566,0.855383635,0.153076023,0.263941556,0.501283582,0.49715066,0.661416948
17/7/2020 5:12,SAR-Intensity,TRUE,ID_22__MODEL_segmentation-models Unet__PRETRAIN_efficientnetb0__LOSS_JaccardLoss()__EPOCH_100__TRAIN_800__TEST_80,segmentation-models Unet,efficientnetb0,JaccardLoss(),"rotation test, early stopping patience 15",16,100,800,80,0.629449987,0.381772518,0.551309109,0.872577965,0.14225246,0.245013788,0.44383167,0.5562976,0.713977396
17/7/2020 5:34,SAR-Intensity,TRUE,ID_23__MODEL_segmentation-models Unet__PRETRAIN_efficientnetb0__LOSS_JaccardLoss()__EPOCH_100__TRAIN_800__TEST_80,segmentation-models Unet,efficientnetb0,JaccardLoss(),"rotation test, early stopping patience 15",16,100,800,80,0.617469168,0.391839296,0.562249482,0.876104426,0.133779272,0.23417604,0.383783513,0.615962207,0.761626422
17/7/2020 5:54,SAR-Intensity,TRUE,ID_24__MODEL_segmentation-models Unet__PRETRAIN_efficientnetb0__LOSS_JaccardLoss()__EPOCH_100__TRAIN_800__TEST_80,segmentation-models Unet,efficientnetb0,JaccardLoss(),"rotation test, early stopping patience 15",16,100,800,80,0.608639717,0.39780274,0.568771541,0.828944349,0.183554128,0.307498127,0.452923214,0.547588468,0.706912816
17/7/2020 6:08,SAR-Intensity,TRUE,ID_25__MODEL_segmentation-models Unet__PRETRAIN_efficientnetb0__LOSS_JaccardLoss()__EPOCH_100__TRAIN_800__TEST_80,segmentation-models Unet,efficientnetb0,JaccardLoss(),"rotation test, early stopping patience 15",16,100,800,80,0.643409204,0.368092865,0.536838233,0.882960284,0.125911728,0.221981779,0.437545323,0.562225521,0.718929112
17/7/2020 6:31,SAR-Intensity,TRUE,ID_26__MODEL_segmentation-models Unet__PRETRAIN_efficientnetb0__LOSS_JaccardLoss()__EPOCH_100__TRAIN_800__TEST_80,segmentation-models Unet,efficientnetb0,JaccardLoss(),"rotation test, early stopping patience 15",16,100,800,80,0.64799118,0.368793517,0.536184609,0.90568645,0.101619132,0.183361694,0.392367846,0.607375503,0.754779041
17/7/2020 6:53,SAR-Intensity,TRUE,ID_27__MODEL_segmentation-models Unet__PRETRAIN_efficientnetb0__LOSS_JaccardLoss()__EPOCH_100__TRAIN_800__TEST_80,segmentation-models Unet,efficientnetb0,JaccardLoss(),"rotation test, early stopping patience 15",16,100,800,80,0.61749171,0.390145093,0.560765207,0.867037582,0.145007104,0.250728279,0.421276458,0.579021692,0.732412577
17/7/2020 7:08,SAR-Intensity,TRUE,ID_28__MODEL_segmentation-models Unet__PRETRAIN_efficientnetb0__LOSS_JaccardLoss()__EPOCH_100__TRAIN_800__TEST_80,segmentation-models Unet,efficientnetb0,JaccardLoss(),"rotation test, early stopping patience 15",16,100,800,80,0.622440004,0.387202859,0.556765854,0.808325744,0.208005473,0.340438962,0.496260334,0.50403291,0.669321537
17/7/2020 7:37,SAR-Intensity,TRUE,ID_29__MODEL_segmentation-models Unet__PRETRAIN_efficientnetb0__LOSS_JaccardLoss()__EPOCH_100__TRAIN_800__TEST_80,segmentation-models Unet,efficientnetb0,JaccardLoss(),"rotation test, early stopping patience 15",16,100,800,80,0.621085286,0.39168179,0.561320901,0.882441139,0.127263069,0.223792598,0.353739552,0.646204472,0.784357309
17/7/2020 7:58,SAR-Intensity,TRUE,ID_30__MODEL_segmentation-models Unet__PRETRAIN_efficientnetb0__LOSS_JaccardLoss()__EPOCH_100__TRAIN_800__TEST_80,segmentation-models Unet,efficientnetb0,JaccardLoss(),"rotation test, early stopping patience 15",16,100,800,80,0.701746488,0.31255129,0.474006325,0.929386842,0.074891657,0.138878077,0.418147341,0.58181417,0.734626174
17/7/2020 8:20,SAR-Intensity,FALSE,ID_31__MODEL_segmentation-models Unet__PRETRAIN_efficientnetb0__LOSS_JaccardLoss()__EPOCH_100__TRAIN_800__TEST_80,segmentation-models Unet,efficientnetb0,JaccardLoss(),"rotation test, early stopping patience 15",16,100,800,80,0.594532442,0.414249152,0.585150003,0.840577197,0.169683218,0.287702203,0.393520863,0.606322229,0.754353881
17/7/2020 8:41,SAR-Intensity,FALSE,ID_32__MODEL_segmentation-models Unet__PRETRAIN_efficientnetb0__LOSS_JaccardLoss()__EPOCH_100__TRAIN_800__TEST_80,segmentation-models Unet,efficientnetb0,JaccardLoss(),"rotation test, early stopping patience 15",16,100,800,80,0.618867397,0.390449673,0.56076467,0.8538697,0.160277799,0.272677809,0.399068326,0.600916326,0.75009644
17/7/2020 9:07,SAR-Intensity,FALSE,ID_33__MODEL_segmentation-models Unet__PRETRAIN_efficientnetb0__LOSS_JaccardLoss()__EPOCH_100__TRAIN_800__TEST_80,segmentation-models Unet,efficientnetb0,JaccardLoss(),"rotation test, early stopping patience 15",16,100,800,80,0.628393269,0.380567878,0.550564587,0.892256558,0.116334341,0.206898078,0.366059457,0.633894563,0.775267303
17/7/2020 9:38,SAR-Intensity,FALSE,ID_34__MODEL_segmentation-models Unet__PRETRAIN_efficientnetb0__LOSS_JaccardLoss()__EPOCH_100__TRAIN_800__TEST_80,segmentation-models Unet,efficientnetb0,JaccardLoss(),"rotation test, early stopping patience 15",16,100,800,80,0.620045328,0.388898134,0.55926007,0.869174576,0.139461145,0.243246123,0.39535928,0.604581952,0.753069282
17/7/2020 10:01,SAR-Intensity,FALSE,ID_35__MODEL_segmentation-models Unet__PRETRAIN_efficientnetb0__LOSS_JaccardLoss()__EPOCH_100__TRAIN_800__TEST_80,segmentation-models Unet,efficientnetb0,JaccardLoss(),"rotation test, early stopping patience 15",16,100,800,80,0.614699316,0.397408694,0.567424834,0.864603651,0.143126383,0.249308392,0.451304711,0.549224794,0.708240867
17/7/2020 10:20,SAR-Intensity,FALSE,ID_36__MODEL_segmentation-models Unet__PRETRAIN_efficientnetb0__LOSS_JaccardLoss()__EPOCH_100__TRAIN_800__TEST_80,segmentation-models Unet,efficientnetb0,JaccardLoss(),"rotation test, early stopping patience 15",16,100,800,80,0.612977529,0.394996256,0.565678895,0.861034894,0.146819338,0.254850388,0.405499644,0.594532013,0.745092213
17/7/2020 10:46,SAR-Intensity,FALSE,ID_37__MODEL_segmentation-models Unet__PRETRAIN_efficientnetb0__LOSS_JaccardLoss()__EPOCH_100__TRAIN_800__TEST_80,segmentation-models Unet,efficientnetb0,JaccardLoss(),"rotation test, early stopping patience 15",16,100,800,80,0.618648052,0.391209245,0.561496675,0.867969251,0.142249152,0.246840179,0.346533132,0.653434813,0.789884508
17/7/2020 11:10,SAR-Intensity,FALSE,ID_38__MODEL_segmentation-models Unet__PRETRAIN_efficientnetb0__LOSS_JaccardLoss()__EPOCH_100__TRAIN_800__TEST_80,segmentation-models Unet,efficientnetb0,JaccardLoss(),"rotation test, early stopping patience 15",16,100,800,80,0.596202898,0.409785599,0.580929816,0.833087552,0.179833412,0.301839441,0.407213913,0.592718124,0.743509769
17/7/2020 11:31,SAR-Intensity,FALSE,ID_39__MODEL_segmentation-models Unet__PRETRAIN_efficientnetb0__LOSS_JaccardLoss()__EPOCH_100__TRAIN_800__TEST_80,segmentation-models Unet,efficientnetb0,JaccardLoss(),"rotation test, early stopping patience 15",16,100,800,80,0.659730315,0.349928379,0.517494857,0.8971277,0.111757994,0.199236751,0.418087599,0.581921756,0.73458147
17/7/2020 11:53,SAR-Intensity,FALSE,ID_40__MODEL_segmentation-models Unet__PRETRAIN_efficientnetb0__LOSS_JaccardLoss()__EPOCH_100__TRAIN_800__TEST_80,segmentation-models Unet,efficientnetb0,JaccardLoss(),"rotation test, early stopping patience 15",16,100,800,80,0.634093654,0.375331372,0.544914722,0.88125422,0.128909484,0.226288721,0.358550294,0.641352534,0.781003535
20/7/2020 4:20,SAR-Intensity,TRUE,ID_41__MODEL_segmentation-models Unet__PRETRAIN_efficientnetb0__LOSS_JaccardLoss()__EPOCH_100__TRAIN_800__TEST_80,segmentation-models Unet,efficientnetb0,JaccardLoss(),"normalization test, early stopping patience 15",16,100,800,80,0.607434213,0.401462644,0.572183013,0.900678229,0.104044579,0.187920615,0.388656408,0.611620784,0.758274555
20/7/2020 4:52,SAR-Intensity,TRUE,ID_42__MODEL_segmentation-models Unet__PRETRAIN_efficientnetb0__LOSS_JaccardLoss()__EPOCH_100__TRAIN_800__TEST_80,segmentation-models Unet,efficientnetb0,JaccardLoss(),"normalization test, early stopping patience 15",16,100,800,80,0.656444097,0.355279565,0.522936642,0.921659803,0.08132495,0.150197372,0.469789753,0.530515492,0.692289412
20/7/2020 5:38,SAR-Intensity,TRUE,ID_43__MODEL_segmentation-models Unet__PRETRAIN_efficientnetb0__LOSS_JaccardLoss()__EPOCH_100__TRAIN_800__TEST_80,segmentation-models Unet,efficientnetb0,JaccardLoss(),"normalization test, early stopping patience 15",16,100,800,80,0.638324463,0.370846123,0.540169179,0.913480973,0.090384878,0.165363714,0.354119152,0.645809293,0.784134507
20/7/2020 6:10,SAR-Intensity,TRUE,ID_44__MODEL_segmentation-models Unet__PRETRAIN_efficientnetb0__LOSS_JaccardLoss()__EPOCH_100__TRAIN_800__TEST_80,segmentation-models Unet,efficientnetb0,JaccardLoss(),"normalization test, early stopping patience 15",16,100,800,80,0.628942537,0.379627824,0.549622297,0.899149466,0.105483167,0.190317214,0.434121354,0.566135287,0.722257674
20/7/2020 6:52,SAR-Intensity,TRUE,ID_45__MODEL_segmentation-models Unet__PRETRAIN_efficientnetb0__LOSS_JaccardLoss()__EPOCH_100__TRAIN_800__TEST_80,segmentation-models Unet,efficientnetb0,JaccardLoss(),"normalization test, early stopping patience 15",16,100,800,80,0.634528351,0.374106914,0.54377383,0.912122202,0.090605147,0.165948749,0.407917122,0.592404068,0.74330157
20/7/2020 7:28,SAR-Intensity,TRUE,ID_46__MODEL_segmentation-models Unet__PRETRAIN_efficientnetb0__LOSS_JaccardLoss()__EPOCH_100__TRAIN_800__TEST_80,segmentation-models Unet,efficientnetb0,JaccardLoss(),"normalization test, early stopping patience 15",16,100,800,80,0.68538841,0.325204104,0.48949036,0.932814312,0.072202079,0.134049252,0.399209911,0.600835025,0.749836206
20/7/2020 8:08,SAR-Intensity,TRUE,ID_47__MODEL_segmentation-models Unet__PRETRAIN_efficientnetb0__LOSS_JaccardLoss()__EPOCH_100__TRAIN_800__TEST_80,segmentation-models Unet,efficientnetb0,JaccardLoss(),"normalization test, early stopping patience 15",16,100,800,80,0.646234393,0.366742104,0.534814894,0.930228412,0.073806994,0.137113795,0.404451479,0.5954054,0.745474756
20/7/2020 8:47,SAR-Intensity,TRUE,ID_48__MODEL_segmentation-models Unet__PRETRAIN_efficientnetb0__LOSS_JaccardLoss()__EPOCH_100__TRAIN_800__TEST_80,segmentation-models Unet,efficientnetb0,JaccardLoss(),"normalization test, early stopping patience 15",16,100,800,80,0.658813822,0.352920383,0.520350158,0.905413651,0.095500268,0.174314573,0.420948739,0.579104483,0.732597589
20/7/2020 9:32,SAR-Intensity,TRUE,ID_49__MODEL_segmentation-models Unet__PRETRAIN_efficientnetb0__LOSS_JaccardLoss()__EPOCH_100__TRAIN_800__TEST_80,segmentation-models Unet,efficientnetb0,JaccardLoss(),"normalization test, early stopping patience 15",16,100,800,80,0.668857598,0.340675026,0.507286012,0.921823144,0.083437562,0.153255746,0.405742502,0.594067037,0.744627595
20/7/2020 10:07,SAR-Intensity,TRUE,ID_50__MODEL_segmentation-models Unet__PRETRAIN_efficientnetb0__LOSS_JaccardLoss()__EPOCH_100__TRAIN_800__TEST_80,segmentation-models Unet,efficientnetb0,JaccardLoss(),"normalization test, early stopping patience 15",16,100,800,80,0.635470819,0.373082668,0.542714953,0.91628567,0.088444613,0.161950678,0.424941754,0.575050652,0.729265571
20/7/2020 10:49,SAR-Intensity,FALSE,ID_51__MODEL_segmentation-models Unet__PRETRAIN_efficientnetb0__LOSS_JaccardLoss()__EPOCH_100__TRAIN_800__TEST_80,segmentation-models Unet,efficientnetb0,JaccardLoss(),"normalization test, early stopping patience 15",16,100,800,80,0.616568112,0.394003183,0.564264774,0.90629431,0.098901756,0.179313779,0.384701064,0.615362048,0.761147439
20/7/2020 11:35,SAR-Intensity,FALSE,ID_52__MODEL_segmentation-models Unet__PRETRAIN_efficientnetb0__LOSS_JaccardLoss()__EPOCH_100__TRAIN_800__TEST_80,segmentation-models Unet,efficientnetb0,JaccardLoss(),"normalization test, early stopping patience 15",16,100,800,80,0.631144118,0.377321869,0.547069132,0.897318625,0.106585585,0.192295507,0.418611093,0.581428885,0.734570205
20/7/2020 12:09,SAR-Intensity,FALSE,ID_53__MODEL_segmentation-models Unet__PRETRAIN_efficientnetb0__LOSS_JaccardLoss()__EPOCH_100__TRAIN_800__TEST_80,segmentation-models Unet,efficientnetb0,JaccardLoss(),"normalization test, early stopping patience 15",16,100,800,80,0.635229969,0.373627067,0.543201506,0.905058122,0.09911859,0.179955244,0.415296035,0.584907413,0.737373114
20/7/2020 12:44,SAR-Intensity,FALSE,ID_54__MODEL_segmentation-models Unet__PRETRAIN_efficientnetb0__LOSS_JaccardLoss()__EPOCH_100__TRAIN_800__TEST_80,segmentation-models Unet,efficientnetb0,JaccardLoss(),"normalization test, early stopping patience 15",16,100,800,80,0.627987051,0.380507976,0.550323606,0.887926888,0.117074408,0.209019676,0.401612212,0.598262846,0.748049796
21/7/2020 8:55,SAR-Intensity,FALSE,ID_55__MODEL_segmentation-models Unet__PRETRAIN_efficientnetb0__LOSS_JaccardLoss()__EPOCH_100__TRAIN_800__TEST_80,segmentation-models Unet,efficientnetb0,JaccardLoss(),"normalization test, early stopping patience 15",16,100,800,80,0.658115375,0.353947252,0.52137059,0.911965644,0.091062449,0.166701064,0.332744333,0.666824937,0.799612939
21/7/2020 9:38,SAR-Intensity,FALSE,ID_56__MODEL_segmentation-models Unet__PRETRAIN_efficientnetb0__LOSS_JaccardLoss()__EPOCH_100__TRAIN_800__TEST_80,segmentation-models Unet,efficientnetb0,JaccardLoss(),"normalization test, early stopping patience 15",16,100,800,80,0.646651661,0.363076776,0.531763315,0.90598551,0.09720502,0.176948145,0.462280216,0.537951946,0.698765576
21/7/2020 10:14,SAR-Intensity,FALSE,ID_57__MODEL_segmentation-models Unet__PRETRAIN_efficientnetb0__LOSS_JaccardLoss()__EPOCH_100__TRAIN_800__TEST_80,segmentation-models Unet,efficientnetb0,JaccardLoss(),"normalization test, early stopping patience 15",16,100,800,80,0.625329137,0.387295395,0.556854784,0.910650373,0.094031453,0.171368599,0.380682223,0.619281054,0.764034867
21/7/2020 10:47,SAR-Intensity,FALSE,ID_58__MODEL_segmentation-models Unet__PRETRAIN_efficientnetb0__LOSS_JaccardLoss()__EPOCH_100__TRAIN_800__TEST_80,segmentation-models Unet,efficientnetb0,JaccardLoss(),"normalization test, early stopping patience 15",16,100,800,80,0.628486562,0.380013913,0.549979389,0.910445356,0.094198354,0.171681479,0.440529945,0.55941695,0.716861367
21/7/2020 11:18,SAR-Intensity,FALSE,ID_59__MODEL_segmentation-models Unet__PRETRAIN_efficientnetb0__LOSS_JaccardLoss()__EPOCH_100__TRAIN_800__TEST_80,segmentation-models Unet,efficientnetb0,JaccardLoss(),"normalization test, early stopping patience 15",16,100,800,80,0.687797737,0.328628987,0.491856456,0.933518195,0.071307577,0.132457256,0.457950371,0.541486144,0.701199651
21/7/2020 11:53,SAR-Intensity,FALSE,ID_60__MODEL_segmentation-models Unet__PRETRAIN_efficientnetb0__LOSS_JaccardLoss()__EPOCH_100__TRAIN_800__TEST_80,segmentation-models Unet,efficientnetb0,JaccardLoss(),"normalization test, early stopping patience 15",16,100,800,80,0.624934888,0.384070516,0.554232121,0.902576411,0.101967633,0.18459022,0.40762842,0.59218657,0.743217885
21/7/2020 13:24,SAR-Intensity,FALSE,"ID_61__MODEL_segmentation-models Unet__PRETRAIN_efficientnetb0__LOSS_BinaryFocalLoss(alpha=0.5, gamma=1)__EPOCH_100__TRAIN_800__TEST_80",segmentation-models Unet,efficientnetb0,JaccardLoss(),"batch size test, early stopping patience 10",8,100,800,80,0.613867378,0.397289395,0.567537844,0.881840897,0.125971571,0.222420216,0.509340874,0.490404665,0.656938255
21/7/2020 14:02,SAR-Intensity,FALSE,"ID_62__MODEL_segmentation-models Unet__PRETRAIN_efficientnetb0__LOSS_BinaryFocalLoss(alpha=0.5, gamma=1)__EPOCH_100__TRAIN_800__TEST_80",segmentation-models Unet,efficientnetb0,JaccardLoss(),"batch size test, early stopping patience 10",8,100,800,80,0.617565608,0.392815828,0.563043058,0.870836258,0.138187513,0.241165936,0.483990257,0.515969753,0.679949582
21/7/2020 14:49,SAR-Intensity,FALSE,"ID_63__MODEL_segmentation-models Unet__PRETRAIN_efficientnetb0__LOSS_BinaryFocalLoss(alpha=0.5, gamma=1)__EPOCH_100__TRAIN_800__TEST_80",segmentation-models Unet,efficientnetb0,JaccardLoss(),"batch size test, early stopping patience 10",8,100,800,80,0.601949716,0.406711787,0.577509701,0.885500419,0.122299261,0.216654226,0.374820957,0.625522554,0.768835068
21/7/2020 15:19,SAR-Intensity,FALSE,"ID_64__MODEL_segmentation-models Unet__PRETRAIN_efficientnetb0__LOSS_BinaryFocalLoss(alpha=0.5, gamma=1)__EPOCH_100__TRAIN_800__TEST_80",segmentation-models Unet,efficientnetb0,JaccardLoss(),"batch size test, early stopping patience 10",8,100,800,80,0.616769207,0.392561913,0.562900364,0.88875407,0.121919684,0.215176299,0.481431509,0.518266082,0.681296766
22/7/2020 7:49,SAR-Intensity,FALSE,"ID_65__MODEL_segmentation-models Unet__PRETRAIN_efficientnetb0__LOSS_BinaryFocalLoss(alpha=0.5, gamma=1)__EPOCH_100__TRAIN_800__TEST_80",segmentation-models Unet,efficientnetb0,JaccardLoss(),"batch size test, early stopping patience 10",8,100,800,80,0.646839499,0.365649909,0.533991516,0.89549396,0.110834956,0.198608622,0.467588735,0.532430172,0.693940103
22/7/2020 8:09,SAR-Intensity,FALSE,"ID_66__MODEL_segmentation-models Unet__PRETRAIN_efficientnetb0__LOSS_BinaryFocalLoss(alpha=0.5, gamma=1)__EPOCH_100__TRAIN_800__TEST_80",segmentation-models Unet,efficientnetb0,JaccardLoss(),"batch size test, early stopping patience 10",8,100,800,80,0.597982597,0.410897106,0.581202567,0.788994765,0.228134334,0.367211491,0.492755152,0.50742507,0.672544837
22/7/2020 8:23,SAR-Intensity,FALSE,"ID_67__MODEL_segmentation-models Unet__PRETRAIN_efficientnetb0__LOSS_BinaryFocalLoss(alpha=0.5, gamma=1)__EPOCH_100__TRAIN_800__TEST_80",segmentation-models Unet,efficientnetb0,JaccardLoss(),"batch size test, early stopping patience 10",8,100,800,80,0.664640772,0.351237416,0.517340362,0.903649616,0.10167975,0.183903739,0.518855284,0.480909735,0.647984207
22/7/2020 8:45,SAR-Intensity,FALSE,"ID_68__MODEL_segmentation-models Unet__PRETRAIN_efficientnetb0__LOSS_BinaryFocalLoss(alpha=0.5, gamma=1)__EPOCH_100__TRAIN_800__TEST_80",segmentation-models Unet,efficientnetb0,JaccardLoss(),"batch size test, early stopping patience 10",8,100,800,80,0.6153054,0.391971588,0.562357366,0.769006729,0.241633222,0.386862606,0.495973795,0.504498303,0.670075476
22/7/2020 9:12,SAR-Intensity,FALSE,"ID_69__MODEL_segmentation-models Unet__PRETRAIN_efficientnetb0__LOSS_BinaryFocalLoss(alpha=0.5, gamma=1)__EPOCH_100__TRAIN_800__TEST_80",segmentation-models Unet,efficientnetb0,JaccardLoss(),"batch size test, early stopping patience 10",8,100,800,80,0.593591905,0.415788561,0.586571395,0.882629514,0.127021268,0.223635629,0.377374911,0.622673273,0.766785979
22/7/2020 9:42,SAR-Intensity,FALSE,"ID_70__MODEL_segmentation-models Unet__PRETRAIN_efficientnetb0__LOSS_BinaryFocalLoss(alpha=0.5, gamma=1)__EPOCH_100__TRAIN_800__TEST_80",segmentation-models Unet,efficientnetb0,JaccardLoss(),"batch size test, early stopping patience 10",8,100,800,80,0.594455457,0.413115233,0.584043801,0.833144569,0.180468425,0.302648991,0.405075435,0.594776213,0.745267391
22/7/2020 10:14,SAR-Intensity,FALSE,"ID_71__MODEL_segmentation-models Unet__PRETRAIN_efficientnetb0__LOSS_BinaryFocalLoss(alpha=0.5, gamma=1)__EPOCH_100__TRAIN_800__TEST_80",segmentation-models Unet,efficientnetb0,JaccardLoss(),"batch size test, early stopping patience 10",4,100,800,80,0.658003426,0.354150087,0.521297753,0.921580601,0.084291495,0.154667214,0.4643276,0.535020292,0.695923746
22/7/2020 10:46,SAR-Intensity,FALSE,"ID_72__MODEL_segmentation-models Unet__PRETRAIN_efficientnetb0__LOSS_BinaryFocalLoss(alpha=0.5, gamma=1)__EPOCH_100__TRAIN_800__TEST_80",segmentation-models Unet,efficientnetb0,JaccardLoss(),"batch size test, early stopping patience 10",4,100,800,80,0.571499586,0.433661342,0.604520142,0.805820322,0.209606215,0.342433572,0.463388828,0.536808908,0.697861195
22/7/2020 11:15,SAR-Intensity,FALSE,"ID_73__MODEL_segmentation-models Unet__PRETRAIN_efficientnetb0__LOSS_BinaryFocalLoss(alpha=0.5, gamma=1)__EPOCH_100__TRAIN_800__TEST_80",segmentation-models Unet,efficientnetb0,JaccardLoss(),"batch size test, early stopping patience 10",4,100,800,80,0.591778326,0.418364376,0.589036286,0.875286365,0.134812593,0.235687852,0.454950697,0.544547021,0.704169154
22/7/2020 11:47,SAR-Intensity,FALSE,"ID_74__MODEL_segmentation-models Unet__PRETRAIN_efficientnetb0__LOSS_BinaryFocalLoss(alpha=0.5, gamma=1)__EPOCH_100__TRAIN_800__TEST_80",segmentation-models Unet,efficientnetb0,JaccardLoss(),"batch size test, early stopping patience 10",4,100,800,80,0.5731884,0.435584426,0.606194675,0.869274068,0.14001745,0.24391377,0.42536381,0.574629903,0.729095042
22/7/2020 12:05,SAR-Intensity,FALSE,"ID_75__MODEL_segmentation-models Unet__PRETRAIN_efficientnetb0__LOSS_BinaryFocalLoss(alpha=0.5, gamma=1)__EPOCH_100__TRAIN_800__TEST_80",segmentation-models Unet,efficientnetb0,JaccardLoss(),"batch size test, early stopping patience 10",4,100,800,80,0.638662052,0.364656419,0.533842623,0.729376483,0.28906557,0.443467379,0.585980982,0.414543182,0.585503817
22/7/2020 12:35,SAR-Intensity,FALSE,"ID_76__MODEL_segmentation-models Unet__PRETRAIN_efficientnetb0__LOSS_BinaryFocalLoss(alpha=0.5, gamma=1)__EPOCH_100__TRAIN_800__TEST_80",segmentation-models Unet,efficientnetb0,JaccardLoss(),"batch size test, early stopping patience 10",4,100,800,80,0.602210999,0.404611319,0.575396717,0.778192234,0.233387008,0.376344591,0.524561659,0.475834459,0.644176126
22/7/2020 12:52,SAR-Intensity,FALSE,"ID_77__MODEL_segmentation-models Unet__PRETRAIN_efficientnetb0__LOSS_BinaryFocalLoss(alpha=0.5, gamma=1)__EPOCH_100__TRAIN_800__TEST_80",segmentation-models Unet,efficientnetb0,JaccardLoss(),"batch size test, early stopping patience 10",4,100,800,80,0.64391942,0.364425272,0.533481777,0.906996,0.099850297,0.180549785,0.537527683,0.461988777,0.630093634
22/7/2020 13:37,SAR-Intensity,FALSE,"ID_78__MODEL_segmentation-models Unet__PRETRAIN_efficientnetb0__LOSS_BinaryFocalLoss(alpha=0.5, gamma=1)__EPOCH_100__TRAIN_800__TEST_80",segmentation-models Unet,efficientnetb0,JaccardLoss(),"batch size test, early stopping patience 10",4,100,800,80,0.581586432,0.42930302,0.599656403,0.876274252,0.131423235,0.23094511,0.385466434,0.614294112,0.760295212
22/7/2020 14:24,SAR-Intensity,FALSE,"ID_79__MODEL_segmentation-models Unet__PRETRAIN_efficientnetb0__LOSS_BinaryFocalLoss(alpha=0.5, gamma=1)__EPOCH_100__TRAIN_800__TEST_80",segmentation-models Unet,efficientnetb0,JaccardLoss(),"batch size test, early stopping patience 10",4,100,800,80,0.605255985,0.406169862,0.576499581,0.889355445,0.119917549,0.212475538,0.365273784,0.634360909,0.775488973
22/7/2020 14:47,SAR-Intensity,FALSE,"ID_80__MODEL_segmentation-models Unet__PRETRAIN_efficientnetb0__LOSS_BinaryFocalLoss(alpha=0.5, gamma=1)__EPOCH_100__TRAIN_800__TEST_80",segmentation-models Unet,efficientnetb0,JaccardLoss(),"batch size test, early stopping patience 10",4,100,800,80,0.605136573,0.404719442,0.57536298,0.854589999,0.154039502,0.26553151,0.485246442,0.514584899,0.678529799
23/7/2020 11:51,SAR-Intensity,FALSE,ID_81__MODEL_segmentation-models Unet__PRETRAIN_efficientnetb0__LOSS_JaccardLoss()__EPOCH_100__TRAIN_800__TEST_80,segmentation-models Unet,efficientnetb0,JaccardLoss(),"loss function test, early stopping patience 10",4,100,800,80,0.605665934,0.404460281,0.575043499,0.873327196,0.138234958,0.240367278,0.463031459,0.536708653,0.697609603
23/7/2020 12:28,SAR-Intensity,FALSE,"ID_82__MODEL_segmentation-models Unet__PRETRAIN_efficientnetb0__LOSS_ BinaryFocalLoss(alpha=0.25, gamma=2.0)__EPOCH_100__TRAIN_800__TEST_80",segmentation-models Unet,efficientnetb0," BinaryFocalLoss(alpha=0.25, gamma=2.0)","loss function test, early stopping patience 10",4,100,800,80,0.021444513,0.151868001,0.263612747,10.8092556,0.154178575,0.265873879,0.010992983,0.205186144,0.340194881
23/7/2020 13:20,SAR-Intensity,FALSE,"ID_83__MODEL_segmentation-models Unet__PRETRAIN_efficientnetb0__LOSS_ BinaryFocalLoss(alpha=0.5, gamma=2.0)__EPOCH_100__TRAIN_800__TEST_80",segmentation-models Unet,efficientnetb0," BinaryFocalLoss(alpha=0.5, gamma=2.0)","loss function test, early stopping patience 10",4,100,800,80,0.022964001,0.200072214,0.332988322,15.98050461,0.285915643,0.44028163,0.01198783,0.237522602,0.383412242
23/7/2020 14:07,SAR-Intensity,FALSE,"ID_84__MODEL_segmentation-models Unet__PRETRAIN_efficientnetb0__LOSS_ BinaryFocalLoss(alpha=0.5, gamma=2.0)__EPOCH_100__TRAIN_800__TEST_80",segmentation-models Unet,efficientnetb0," BinaryFocalLoss(alpha=0.75, gamma=2.0)","loss function test, early stopping patience 10",4,100,800,80,0.022765568,0.195645452,0.326727241,22.1148756,0.411388636,0.577617228,0.012428689,0.220153332,0.360412687
23/7/2020 16:00,SAR-Intensity,FALSE,"ID_85__MODEL_segmentation-models Unet__PRETRAIN_efficientnetb0__LOSS_ BinaryFocalLoss(alpha=1.0, gamma=2.0)__EPOCH_100__TRAIN_800__TEST_80",segmentation-models Unet,efficientnetb0," BinaryFocalLoss(alpha=1.0, gamma=2.0)","loss function test, early stopping patience 10",4,100,800,80,8.80E-10,0.097315811,0.176874921,2.07E-07,25.28967285,1.923101068,1.48E-09,0.08348272,0.153736979
23/7/2020 16:55,SAR-Intensity,FALSE,"ID_86__MODEL_segmentation-models Unet__PRETRAIN_efficientnetb0__LOSS_ BinaryFocalLoss(alpha=0.5, gamma=1.5)__EPOCH_100__TRAIN_800__TEST_80",segmentation-models Unet,efficientnetb0," BinaryFocalLoss(alpha=0.5, gamma=1.5)","loss function test, early stopping patience 10",4,100,800,80,0.038884276,0.191184893,0.320859879,22.73593025,0.220010042,0.357146174,0.019150044,0.257444292,0.40889892
24/7/2020 4:18,SAR-Intensity,FALSE,"ID_87__MODEL_segmentation-models Unet__PRETRAIN_efficientnetb0__LOSS_ BinaryFocalLoss(alpha=0.5, gamma=1.0)__EPOCH_100__TRAIN_800__TEST_80",segmentation-models Unet,efficientnetb0," BinaryFocalLoss(alpha=0.5, gamma=1.0)","loss function test, early stopping patience 10",4,100,800,80,0.051199503,0.246731207,0.395688772,37.8810997,0.147679612,0.254743606,0.026073981,0.334536999,0.50060302
24/7/2020 4:55,SAR-Intensity,FALSE,"ID_88__MODEL_segmentation-models Unet__PRETRAIN_efficientnetb0__LOSS_ BinaryFocalLoss(alpha=0.5, gamma=0.5)__EPOCH_100__TRAIN_800__TEST_80",segmentation-models Unet,efficientnetb0," BinaryFocalLoss(alpha=0.5, gamma=0.5)","loss function test, early stopping patience 10",4,100,800,80,0.061029963,0.260029405,0.412225395,32.36327629,0.177817464,0.2997199,0.028816415,0.381712586,0.551643848
24/7/2020 8:30,SAR-Intensity,FALSE,"ID_89__MODEL_segmentation-models Unet__PRETRAIN_efficientnetb0__LOSS_ BinaryFocalLoss(alpha=0.5, gamma=0.75)__EPOCH_100__TRAIN_800__TEST_80",segmentation-models Unet,efficientnetb0," BinaryFocalLoss(alpha=0.5, gamma=0.75)","loss function test, early stopping patience 10",4,100,800,80,0.053406932,0.244943142,0.393063635,31.13165627,0.168262959,0.284965903,0.02647545,0.336361319,0.502687931
24/7/2020 9:32,SAR-Intensity,FALSE,"ID_90__MODEL_segmentation-models Unet__PRETRAIN_efficientnetb0__LOSS_ BinaryFocalLoss(alpha=0.25, gamma=0.5)__EPOCH_100__TRAIN_800__TEST_80",segmentation-models Unet,efficientnetb0," BinaryFocalLoss(alpha=0.25, gamma=0.5)","loss function test, early stopping patience 10",4,100,800,80,0.045210407,0.296797425,0.457007051,24.04356346,0.118133239,0.210423306,0.019857068,0.459285975,0.628328443
24/7/2020 10:39,SAR-Intensity,FALSE,"ID_91__MODEL_segmentation-models Unet__PRETRAIN_efficientnetb0__LOSS_ BinaryFocalLoss(alpha=0.25, gamma=0.75)__EPOCH_100__TRAIN_800__TEST_80",segmentation-models Unet,efficientnetb0," BinaryFocalLoss(alpha=0.25, gamma=0.75)","loss function test, early stopping patience 20",4,100,800,80,0.036918415,0.255332083,0.406413049,17.91581612,0.117780596,0.209692255,0.01543051,0.429004282,0.599209309
24/7/2020 11:01,SAR-Intensity,FALSE,"ID_92__MODEL_segmentation-models Unet__PRETRAIN_efficientnetb0__LOSS_ BinaryFocalLoss(alpha=0.25, gamma=0.25)__EPOCH_100__TRAIN_800__TEST_80",segmentation-models Unet,efficientnetb0," BinaryFocalLoss(alpha=0.25, gamma=0.25)","loss function test, early stopping patience 20",4,100,800,80,0.052410659,0.255136728,0.40566352,24.47808456,0.092018969,0.1677953,0.021587121,0.475261778,0.643106163
24/7/2020 11:21,SAR-Intensity,FALSE,"ID_93__MODEL_segmentation-models Unet__PRETRAIN_efficientnetb0__LOSS_ BinaryFocalLoss(alpha=0.25, gamma=1.0)__EPOCH_100__TRAIN_800__TEST_80",segmentation-models Unet,efficientnetb0," BinaryFocalLoss(alpha=0.25, gamma=1.0)","loss function test, early stopping patience 20",4,100,800,80,0.033326951,0.24160707,0.38826409,15.27845249,0.138365045,0.2414639,0.012440933,0.424425334,0.594948947
24/7/2020 11:40,SAR-Intensity,FALSE,"ID_94__MODEL_segmentation-models Unet__PRETRAIN_efficientnetb0__LOSS_ BinaryFocalLoss(alpha=0.25, gamma=1.5)__EPOCH_100__TRAIN_800__TEST_80",segmentation-models Unet,efficientnetb0," BinaryFocalLoss(alpha=0.25, gamma=1.5)","loss function test, early stopping patience 20",4,100,800,80,0.023292335,0.203821734,0.338421971,12.85111599,0.164215505,0.28038469,0.011773154,0.287726104,0.446446329
24/7/2020 12:03,SAR-Intensity,FALSE,"ID_95__MODEL_segmentation-models Unet__PRETRAIN_efficientnetb0__LOSS_ BinaryFocalLoss(alpha=0.5, gamma=0.25)__EPOCH_100__TRAIN_800__TEST_80",segmentation-models Unet,efficientnetb0," BinaryFocalLoss(alpha=0.5, gamma=0.25)","loss function test, early stopping patience 20",4,100,800,80,0.080142065,0.289716244,0.448880762,57.61890488,0.12749134,0.224162057,0.026438539,0.506589711,0.67148
24/7/2020 12:24,SAR-Intensity,FALSE,"ID_96__MODEL_segmentation-models Unet__PRETRAIN_efficientnetb0__LOSS_ BinaryFocalLoss(alpha=0.75, gamma=0.25)__EPOCH_100__TRAIN_800__TEST_80",segmentation-models Unet,efficientnetb0," BinaryFocalLoss(alpha=0.75, gamma=0.25)","loss function test, early stopping patience 20",4,100,800,80,0.077796839,0.303775817,0.465641856,59.04579697,0.215256453,0.351441532,0.025742904,0.463089287,0.632354975
24/7/2020 12:42,SAR-Intensity,FALSE,"ID_97__MODEL_segmentation-models Unet__PRETRAIN_efficientnetb0__LOSS_ BinaryFocalLoss(alpha=0.75, gamma=0.5)__EPOCH_100__TRAIN_800__TEST_80",segmentation-models Unet,efficientnetb0," BinaryFocalLoss(alpha=0.75, gamma=0.5)","loss function test, early stopping patience 20",4,100,800,80,0.257427672,0.179858282,0.304476142,82.23890686,0.163972467,0.280091077,0.238778085,0.187621549,0.315526098
24/7/2020 13:02,SAR-Intensity,FALSE,"ID_98__MODEL_segmentation-models Unet__PRETRAIN_efficientnetb0__LOSS_ BinaryFocalLoss(alpha=0.75, gamma=0.75)__EPOCH_100__TRAIN_800__TEST_80",segmentation-models Unet,efficientnetb0," BinaryFocalLoss(alpha=0.75, gamma=0.75)","loss function test, early stopping patience 20",4,100,800,80,0.06826214,0.265329748,0.418993801,48.33429718,0.211497262,0.34475866,0.019490207,0.40797168,0.578813493
24/7/2020 13:20,SAR-Intensity,FALSE,"ID_99__MODEL_segmentation-models Unet__PRETRAIN_efficientnetb0__LOSS_ BinaryFocalLoss(alpha=0.75, gamma=1.0)__EPOCH_100__TRAIN_800__TEST_80",segmentation-models Unet,efficientnetb0," BinaryFocalLoss(alpha=0.75, gamma=1.0)","loss function test, early stopping patience 20",4,100,800,80,0.050643067,0.257349581,0.408855319,37.57991676,0.247404352,0.392838955,0.019107311,0.346134841,0.513329983
24/7/2020 13:36,SAR-Intensity,FALSE,"ID_100__MODEL_segmentation-models Unet__PRETRAIN_efficientnetb0__LOSS_ BinaryFocalLoss(alpha=0.75, gamma=1.5)__EPOCH_100__TRAIN_800__TEST_80",segmentation-models Unet,efficientnetb0," BinaryFocalLoss(alpha=0.75, gamma=1.5)","loss function test, early stopping patience 20",4,100,800,80,0.031012788,0.212233186,0.349663496,26.16625366,0.363866329,0.527980268,0.015714504,0.247770727,0.396607518
25/7/2020 15:02,SAR-Intensity,FALSE,ID_101__MODEL_segmentation-models Unet__PRETRAIN_efficientnetb0__LOSS_DiceLoss(beta=1)__EPOCH_100__TRAIN_800__TEST_80,segmentation-models Unet,efficientnetb0,DiceLoss(beta=1),"diceloss test, early stopping patience 10",4,100,800,80,0.590625501,0.417271733,0.588116586,0.820397544,0.191428661,0.318788469,0.477150096,0.523108006,0.686291575
25/7/2020 15:46,SAR-Intensity,FALSE,ID_102__MODEL_segmentation-models Unet__PRETRAIN_efficientnetb0__LOSS_DiceLoss(beta=1)__EPOCH_100__TRAIN_800__TEST_80,segmentation-models Unet,efficientnetb0,DiceLoss(beta=1),"diceloss test, early stopping patience 10",4,100,800,80,0.595171762,0.411008209,0.581966877,0.815056765,0.197375074,0.326801091,0.49333705,0.507010818,0.672151506
25/7/2020 16:22,SAR-Intensity,FALSE,ID_103__MODEL_segmentation-models Unet__PRETRAIN_efficientnetb0__LOSS_DiceLoss(beta=0.75)__EPOCH_100__TRAIN_800__TEST_80,segmentation-models Unet,efficientnetb0,DiceLoss(beta=0.75),"diceloss test, early stopping patience 10",4,100,800,80,0.68599987,0.323178172,0.487404913,0.931797302,0.073508896,0.136251032,0.580525907,0.418625712,0.587997496
25/7/2020 17:46,SAR-Intensity,FALSE,ID_104__MODEL_segmentation-models Unet__PRETRAIN_efficientnetb0__LOSS_DiceLoss(beta=0.75)__EPOCH_100__TRAIN_800__TEST_80,segmentation-models Unet,efficientnetb0,DiceLoss(beta=0.75),"diceloss test, early stopping patience 10",4,100,800,80,0.585187924,0.42854324,0.598390639,0.882103956,0.128072962,0.22499454,0.370172634,0.629544497,0.771986902
27/7/2020 3:55,SAR-Intensity,FALSE,ID_105__MODEL_segmentation-models Unet__PRETRAIN_efficientnetb0__LOSS_DiceLoss(beta=0.5)__EPOCH_100__TRAIN_800__TEST_80,segmentation-models Unet,efficientnetb0,DiceLoss(beta=0.5),"diceloss test, early stopping patience 10",4,100,800,80,0.608192611,0.404889077,0.57488817,0.894746053,0.113491841,0.202373669,0.497349731,0.502264619,0.667722166
27/7/2020 4:50,SAR-Intensity,FALSE,ID_106__MODEL_segmentation-models Unet__PRETRAIN_efficientnetb0__LOSS_DiceLoss(beta=0.5)__EPOCH_100__TRAIN_800__TEST_80,segmentation-models Unet,efficientnetb0,DiceLoss(beta=0.5),"diceloss test, early stopping patience 10",4,100,800,80,0.594517493,0.415779203,0.586421371,0.866130781,0.144498602,0.25027445,0.459287714,0.540339112,0.700805008
27/7/2020 5:36,SAR-Intensity,FALSE,ID_107__MODEL_segmentation-models Unet__PRETRAIN_efficientnetb0__LOSS_DiceLoss(beta=0.25)__EPOCH_100__TRAIN_800__TEST_80,segmentation-models Unet,efficientnetb0,DiceLoss(beta=0.25),"diceloss test, early stopping patience 10",4,100,800,80,0.615392327,0.395643502,0.565868378,0.881654,0.124724053,0.220842168,0.456410199,0.543298244,0.703235447
27/7/2020 6:24,SAR-Intensity,FALSE,ID_108__MODEL_segmentation-models Unet__PRETRAIN_efficientnetb0__LOSS_DiceLoss(beta=0.25)__EPOCH_100__TRAIN_800__TEST_80,segmentation-models Unet,efficientnetb0,DiceLoss(beta=0.25),"diceloss test, early stopping patience 10",4,100,800,80,0.643789577,0.367905974,0.536500692,0.906087875,0.10243354,0.184208527,0.492550659,0.506810248,0.671277404
27/7/2020 8:08,SAR-Intensity,FALSE,ID_109__MODEL_segmentation-models Unet__PRETRAIN_efficientnetb0__LOSS_DiceLoss(beta=0)__EPOCH_100__TRAIN_800__TEST_80,segmentation-models Unet,efficientnetb0,DiceLoss(beta=0),"diceloss test, early stopping patience 10",4,100,800,80,0.595171785,0.418336302,0.588331163,0.879299426,0.132279024,0.230962709,0.432411593,0.566936016,0.722781003
27/7/2020 8:45,SAR-Intensity,FALSE,ID_110__MODEL_segmentation-models Unet__PRETRAIN_efficientnetb0__LOSS_DiceLoss(beta=0)__EPOCH_100__TRAIN_800__TEST_80,segmentation-models Unet,efficientnetb0,DiceLoss(beta=0),"diceloss test, early stopping patience 10",4,100,800,80,0.59493643,0.415462345,0.585980117,0.843002665,0.173262596,0.290618181,0.502734113,0.497546524,0.663574278
27/7/2020 10:30,SAR-Intensity,FALSE,ID_111__MODEL_segmentation-models Unet__PRETRAIN_efficientnetb0__LOSS_DiceLoss(beta=1.25)__EPOCH_100__TRAIN_800__TEST_80,segmentation-models Unet,efficientnetb0,DiceLoss(beta=1.25),"diceloss test, early stopping patience 10",4,100,800,80,0.585997725,0.422213227,0.59311533,0.879802895,0.128368661,0.226189449,0.41983566,0.580053329,0.73345983
27/7/2020 11:16,SAR-Intensity,FALSE,ID_112__MODEL_segmentation-models Unet__PRETRAIN_efficientnetb0__LOSS_DiceLoss(beta=1.25)__EPOCH_100__TRAIN_800__TEST_80,segmentation-models Unet,efficientnetb0,DiceLoss(beta=1.25),"diceloss test, early stopping patience 10",4,100,800,80,0.580433846,0.429655999,0.600204527,0.872519135,0.136942685,0.239074484,0.457767618,0.542125583,0.702138901
27/7/2020 11:55,SAR-Intensity,FALSE,ID_113__MODEL_segmentation-models Unet__PRETRAIN_efficientnetb0__LOSS_DiceLoss(beta=1.5)__EPOCH_100__TRAIN_800__TEST_80,segmentation-models Unet,efficientnetb0,DiceLoss(beta=1.5),"diceloss test, early stopping patience 10",4,100,800,80,0.608431482,0.405073911,0.574961722,0.88434304,0.125038937,0.22056596,0.478746654,0.521307051,0.684268475
27/7/2020 12:46,SAR-Intensity,FALSE,ID_114__MODEL_segmentation-models Unet__PRETRAIN_efficientnetb0__LOSS_DiceLoss(beta=1.5)__EPOCH_100__TRAIN_800__TEST_80,segmentation-models Unet,efficientnetb0,DiceLoss(beta=1.5),"diceloss test, early stopping patience 10",4,100,800,80,0.630033755,0.380271316,0.550000727,0.889719617,0.118952788,0.211214364,0.486213676,0.513234913,0.676915109
28/7/2020 12:21,SAR-Intensity,FALSE,ID_115__MODEL_segmentation-models Unet__PRETRAIN_efficientnetb0__LOSS_DiceLoss(beta=1.75)__EPOCH_100__TRAIN_800__TEST_80,segmentation-models Unet,efficientnetb0,DiceLoss(beta=1.75),"diceloss test, early stopping patience 10",4,100,800,80,0.605256951,0.406357288,0.576652169,0.868067491,0.144950137,0.2501463,0.475790845,0.523786187,0.686598539
28/7/2020 13:02,SAR-Intensity,FALSE,ID_116__MODEL_segmentation-models Unet__PRETRAIN_efficientnetb0__LOSS_DiceLoss(beta=1.75)__EPOCH_100__TRAIN_800__TEST_80,segmentation-models Unet,efficientnetb0,DiceLoss(beta=1.75),"diceloss test, early stopping patience 10",4,100,800,80,0.551080203,0.458191633,0.627725542,0.855202615,0.153802782,0.264923155,0.385295739,0.614678323,0.760709345
28/7/2020 13:19,SAR-Intensity,FALSE,ID_117__MODEL_segmentation-models Unet__PRETRAIN_efficientnetb0__LOSS_DiceLoss(beta=2.0)__EPOCH_100__TRAIN_800__TEST_80,segmentation-models Unet,efficientnetb0,DiceLoss(beta=2.0),"diceloss test, early stopping patience 10",4,100,800,80,0.593180239,0.416233867,0.587011158,0.89045167,0.117930979,0.209628478,0.518684141,0.480608076,0.647906244
28/7/2020 13:49,SAR-Intensity,FALSE,ID_118__MODEL_segmentation-models Unet__PRETRAIN_efficientnetb0__LOSS_DiceLoss(beta=2.0)__EPOCH_100__TRAIN_800__TEST_80,segmentation-models Unet,efficientnetb0,DiceLoss(beta=2.0),"diceloss test, early stopping patience 10",4,100,800,80,0.583788216,0.426778585,0.597229719,0.897806907,0.108541906,0.194932342,0.421818637,0.577790856,0.731194854
28/7/2020 14:41,SAR-Intensity,FALSE,ID_119__MODEL_segmentation-models Unet__PRETRAIN_efficientnetb0__LOSS_DiceLoss(beta=4.0)__EPOCH_100__TRAIN_800__TEST_80,segmentation-models Unet,efficientnetb0,DiceLoss(beta=4.0),"diceloss test, early stopping patience 10",4,100,800,80,0.59112618,0.418372482,0.589147508,0.879978955,0.129110098,0.226981238,0.429978361,0.570084691,0.725409627
28/7/2020 15:37,SAR-Intensity,FALSE,ID_120__MODEL_segmentation-models Unet__PRETRAIN_efficientnetb0__LOSS_DiceLoss(beta=4.0)__EPOCH_100__TRAIN_800__TEST_80,segmentation-models Unet,efficientnetb0,DiceLoss(beta=4.0),"diceloss test, early stopping patience 10",4,100,800,80,0.583301234,0.425001472,0.595828056,0.850533497,0.160765737,0.274649173,0.454689521,0.545449197,0.705052257
29/7/2020 10:35,SAR-Intensity,FALSE,ID_121__MODEL_segmentation-models Unet__PRETRAIN_efficientnetb0__LOSS_BinaryCELoss()__EPOCH_100__TRAIN_800__TEST_80,segmentation-models Unet,efficientnetb0,BinaryCELoss(),"BinaryCELoss test, early stopping patience 10",4,100,800,80,0.620267963,0.393021077,0.562574446,0.902941847,0.104149796,0.187495068,0.426984383,0.572554648,0.727146566
29/7/2020 11:05,SAR-Intensity,FALSE,ID_122__MODEL_segmentation-models Unet__PRETRAIN_efficientnetb0__LOSS_BinaryCELoss()__EPOCH_100__TRAIN_800__TEST_80,segmentation-models Unet,efficientnetb0,BinaryCELoss(),"BinaryCELoss test, early stopping patience 10",4,100,800,80,0.581108737,0.427821517,0.598585844,0.863103783,0.146357521,0.253579408,0.434266553,0.56571871,0.721777201
29/7/2020 11:20,SAR-Intensity,FALSE,ID_123__MODEL_segmentation-models Unet__PRETRAIN_efficientnetb0__LOSS_BinaryCELoss()__EPOCH_100__TRAIN_800__TEST_80,segmentation-models Unet,efficientnetb0,BinaryCELoss(),"BinaryCELoss test, early stopping patience 10",4,100,800,80,0.624518025,0.384135008,0.554292679,0.880455112,0.131075978,0.229189157,0.549531407,0.450077564,0.619076908
29/7/2020 13:57,SAR-Intensity,FALSE,ID_124__MODEL_segmentation-models Unet__PRETRAIN_efficientnetb0__LOSS_BinaryCELoss()__EPOCH_100__TRAIN_800__TEST_80,segmentation-models Unet,efficientnetb0,BinaryCELoss(),"BinaryCELoss test, early stopping patience 10",4,100,800,80,0.621763587,0.391215712,0.560692489,0.902089894,0.10646946,0.190865144,0.435269603,0.564094603,0.720472276
29/7/2020 15:02,SAR-Intensity,FALSE,ID_125__MODEL_segmentation-models Unet__PRETRAIN_efficientnetb0__LOSS_BinaryCELoss()__EPOCH_100__TRAIN_800__TEST_80,segmentation-models Unet,efficientnetb0,BinaryCELoss(),"BinaryCELoss test, early stopping patience 10",4,100,800,80,0.566555715,0.440669537,0.611237228,0.831934738,0.181476042,0.304127961,0.430323758,0.569829583,0.725266755
29/7/2020 16:11,SAR-Intensity,FALSE,ID_131__MODEL_segmentation-models Unet__PRETRAIN_resnet50__LOSS_JaccardLoss()__EPOCH_100__TRAIN_800__TEST_80,segmentation-models Unet,resnet50,JaccardLoss(),resnet50 test,4,100,800,80,0.551526093,0.453203768,0.623541176,0.867028809,0.141519293,0.24626112,0.451465795,0.548444152,0.707323551
29/7/2020 17:00,SAR-Intensity,FALSE,ID_132__MODEL_segmentation-models Unet__PRETRAIN_resnet50__LOSS_JaccardLoss()__EPOCH_100__TRAIN_800__TEST_80,segmentation-models Unet,resnet50,JaccardLoss(),resnet50 test,4,100,800,80,0.536563587,0.470697016,0.639630616,0.862739575,0.145943388,0.253300101,0.437974532,0.562007129,0.718853891
29/7/2020 17:24,SAR-Intensity,FALSE,ID_133__MODEL_segmentation-models Unet__PRETRAIN_resnet50__LOSS_DiceLoss(beta=1.25)__EPOCH_100__TRAIN_800__TEST_80,segmentation-models Unet,resnet50,DiceLoss(beta=1.25),resnet50 test,4,100,800,80,0.601568806,0.406569481,0.577511251,0.892646933,0.117118903,0.207701623,0.566116397,0.434294045,0.603717744
29/7/2020 18:20,SAR-Intensity,FALSE,ID_134__MODEL_segmentation-models Unet__PRETRAIN_resnet50__LOSS_DiceLoss(beta=1.25)__EPOCH_100__TRAIN_800__TEST_80,segmentation-models Unet,resnet50,DiceLoss(beta=1.25),resnet50 test,4,100,800,80,0.529613853,0.478515416,0.646786869,0.893799257,0.114674695,0.204310492,0.378935418,0.62098062,0.765233815
29/7/2020 18:52,SAR-Intensity,FALSE,ID_135__MODEL_segmentation-models Unet__PRETRAIN_resnet50__LOSS_BinaryCELoss()__EPOCH_100__TRAIN_800__TEST_80,segmentation-models Unet,resnet50,BinaryCELoss(),resnet50 test,4,100,800,80,0.55053215,0.456542015,0.626472414,0.880574751,0.130203366,0.228166059,0.469237728,0.529724598,0.691082597
29/7/2020 19:36,SAR-Intensity,FALSE,ID_136__MODEL_segmentation-models Unet__PRETRAIN_resnet50__LOSS_BinaryCELoss()__EPOCH_100__TRAIN_800__TEST_80,segmentation-models Unet,resnet50,BinaryCELoss(),resnet50 test,4,100,800,80,0.518978119,0.48719874,0.654878914,0.888656533,0.118278705,0.210584804,0.398200369,0.601792276,0.750324845
29/7/2020 20:33,SAR-Intensity,FALSE,"ID_137__MODEL_segmentation-models Unet__PRETRAIN_resnet50__LOSS_BinaryFocalLoss(alpha=0.75, gamma=0.25)__EPOCH_100__TRAIN_800__TEST_80",segmentation-models Unet,resnet50,"BinaryFocalLoss(alpha=0.75, gamma=0.25)",resnet50 test,4,100,800,80,0.510863686,0.495817035,0.662602127,0.868583906,0.139539823,0.243560195,0.390536185,0.609262109,0.756439805
29/7/2020 21:13,SAR-Intensity,FALSE,"ID_138__MODEL_segmentation-models Unet__PRETRAIN_resnet50__LOSS_BinaryFocalLoss(alpha=0.75, gamma=0.25)__EPOCH_100__TRAIN_800__TEST_80",segmentation-models Unet,resnet50,"BinaryFocalLoss(alpha=0.75, gamma=0.25)",resnet50 test,4,100,800,80,0.532607126,0.47369495,0.642435968,0.88428359,0.121086709,0.215320185,0.428858512,0.570844293,0.7258178
29/7/2020 22:13,SAR-Intensity,FALSE,"ID_139__MODEL_segmentation-models Unet__PRETRAIN_resnet50__LOSS_BinaryFocalLoss(alpha=0.75, gamma=0.75)__EPOCH_100__TRAIN_800__TEST_80",segmentation-models Unet,resnet50,"BinaryFocalLoss(alpha=0.75, gamma=0.75)",resnet50 test,4,100,800,80,0.541000462,0.4659886,0.6353276,0.897313857,0.11046946,0.1977549,0.375075453,0.6246328,0.76801306
29/7/2020 23:13,SAR-Intensity,FALSE,"ID_140__MODEL_segmentation-models Unet__PRETRAIN_resnet50__LOSS_BinaryFocalLoss(alpha=0.75, gamma=0.75)__EPOCH_100__TRAIN_800__TEST_80",segmentation-models Unet,resnet50,"BinaryFocalLoss(alpha=0.75, gamma=0.75)",resnet50 test,4,100,800,80,0.530718303,0.47365284,0.64266545,0.875433218,0.13524127,0.23609631,0.433105885,0.566976,0.72284555
30/7/2020 12:52,SAR-Intensity,FALSE,ID_141__MODEL_segmentation-models Unet__PRETRAIN_efficientnetb3__LOSS_JaccardLoss()__EPOCH_100__TRAIN_800__TEST_80,segmentation-models Unet,efficientnetb3,JaccardLoss(),efficientnetb3 test,4,100,800,80,0.636399329,0.371512055,0.540820897,0.914102614,0.090753101,0.165870711,0.520539558,0.479025722,0.64666158
30/7/2020 13:29,SAR-Intensity,FALSE,ID_142__MODEL_segmentation-models Unet__PRETRAIN_efficientnetb3__LOSS_JaccardLoss()__EPOCH_100__TRAIN_800__TEST_80,segmentation-models Unet,efficientnetb3,JaccardLoss(),efficientnetb3 test,4,100,800,80,0.595033216,0.407114595,0.578424215,0.791510236,0.228459403,0.366030455,0.529647401,0.470755547,0.639385641
30/7/2020 14:14,SAR-Intensity,FALSE,ID_143__MODEL_segmentation-models Unet__PRETRAIN_efficientnetb3__LOSS_DiceLoss(beta=1.25)__EPOCH_100__TRAIN_800__TEST_80,segmentation-models Unet,efficientnetb3,DiceLoss(beta=1.25),efficientnetb3 test,4,100,800,80,0.572861671,0.43484804,0.605622709,0.843296885,0.167689905,0.285016924,0.45287508,0.547002733,0.706349552
30/7/2020 15:22,SAR-Intensity,FALSE,ID_144__MODEL_segmentation-models Unet__PRETRAIN_efficientnetb3__LOSS_DiceLoss(beta=1.25)__EPOCH_100__TRAIN_800__TEST_80,segmentation-models Unet,efficientnetb3,DiceLoss(beta=1.25),efficientnetb3 test,4,100,800,80,0.562632084,0.44918716,0.618788958,0.865126395,0.145815015,0.252170354,0.436636163,0.563183606,0.719783723
30/7/2020 16:24,SAR-Intensity,FALSE,ID_145__MODEL_segmentation-models Unet__PRETRAIN_efficientnetb3__LOSS_BinaryCELoss()__EPOCH_100__TRAIN_800__TEST_80,segmentation-models Unet,efficientnetb3,BinaryCELoss(),efficientnetb3 test,4,100,800,80,0.551129246,0.45701471,0.626758158,0.881855452,0.126970053,0.223741606,0.392302789,0.607348263,0.754833877
30/7/2020 17:23,SAR-Intensity,FALSE,ID_146__MODEL_segmentation-models Unet__PRETRAIN_efficientnetb3__LOSS_BinaryCELoss()__EPOCH_100__TRAIN_800__TEST_80,segmentation-models Unet,efficientnetb3,BinaryCELoss(),efficientnetb3 test,4,100,800,80,0.566483164,0.444937438,0.614795029,0.872103155,0.139165714,0.242008552,0.425636951,0.574012756,0.728489757
30/7/2020 18:09,SAR-Intensity,FALSE,"ID_147__MODEL_segmentation-models Unet__PRETRAIN_efficientnetb3__LOSS_BinaryFocalLoss(alpha=0.75, gamma=0.75)__EPOCH_100__TRAIN_800__TEST_80",segmentation-models Unet,efficientnetb3,"BinaryFocalLoss(alpha=0.75, gamma=0.75)",efficientnetb3 test,4,100,800,80,0.5600824,0.449837923,0.61972326,0.885416341,0.124253333,0.219088748,0.421544809,0.578178883,0.731912374
30/7/2020 18:35,SAR-Intensity,FALSE,"ID_148__MODEL_segmentation-models Unet__PRETRAIN_efficientnetb3__LOSS_BinaryFocalLoss(alpha=0.75, gamma=0.75)__EPOCH_100__TRAIN_800__TEST_80",segmentation-models Unet,efficientnetb3,"BinaryFocalLoss(alpha=0.75, gamma=0.75)",efficientnetb3 test,4,100,800,80,0.6265136,0.388328224,0.557208896,0.912746441,0.092982404,0.169446126,0.536532304,0.462264717,0.630682945
31/7/2020 15:02,SAR-Intensity,FALSE,ID_151__MODEL_segmentation-models Unet__PRETRAIN_efficientnetb5__LOSS_JaccardLoss()__EPOCH_100__TRAIN_800__TEST_80,segmentation-models Unet,efficientnetb5,JaccardLoss(),efficientnetb5 test,4,100,800,80,0.623945236,0.386442304,0.556150675,0.910090363,0.098570108,0.177807644,0.510449237,0.488934129,0.653939664
31/7/2020 17:56,SAR-Intensity,FALSE,ID_152__MODEL_segmentation-models Unet__PRETRAIN_efficientnetb5__LOSS_JaccardLoss()__EPOCH_100__TRAIN_800__TEST_80,segmentation-models Unet,efficientnetb5,JaccardLoss(),efficientnetb5 test,4,100,800,80,0.576468754,0.435621023,0.605663002,0.894949341,0.112467431,0.201029837,0.422386812,0.577545762,0.731281281
1/8/2020 16:01,SAR-Intensity,FALSE,ID_153__MODEL_segmentation-models Unet__PRETRAIN_efficientnetb5__LOSS_DiceLoss(beta=1.25)__EPOCH_100__TRAIN_800__TEST_80,segmentation-models Unet,efficientnetb5,DiceLoss(beta=1.25),efficientnetb5 test,4,100,800,80,0.624610436,0.386999846,0.556418002,0.908213687,0.100842915,0.181388393,0.484858558,0.514270008,0.67820549
1/8/2020 17:04,SAR-Intensity,FALSE,ID_154__MODEL_segmentation-models Unet__PRETRAIN_efficientnetb5__LOSS_DiceLoss(beta=1.25)__EPOCH_100__TRAIN_800__TEST_80,segmentation-models Unet,efficientnetb5,DiceLoss(beta=1.25),efficientnetb5 test,4,100,800,80,0.566853881,0.444634914,0.614383757,0.869769931,0.137543306,0.24066405,0.443168508,0.556295097,0.713953018
1/8/2020 17:51,SAR-Intensity,FALSE,ID_155__MODEL_segmentation-models Unet__PRETRAIN_efficientnetb5__LOSS_BinaryCELoss()__EPOCH_100__TRAIN_800__TEST_80,segmentation-models Unet,efficientnetb5,BinaryCELoss(),efficientnetb5 test,4,100,800,80,0.566437995,0.442947775,0.613147795,0.875288844,0.136457786,0.237606287,0.461915616,0.537810504,0.698278844
1/8/2020 18:25,SAR-Intensity,FALSE,ID_156__MODEL_segmentation-models Unet__PRETRAIN_efficientnetb5__LOSS_BinaryCELoss()__EPOCH_100__TRAIN_800__TEST_80,segmentation-models Unet,efficientnetb5,BinaryCELoss(),efficientnetb5 test,4,100,800,80,0.638277364,0.370971471,0.540344894,0.88473196,0.125374973,0.220443726,0.55722943,0.442175895,0.611516058
1/8/2020 19:26,SAR-Intensity,FALSE,"ID_157__MODEL_segmentation-models Unet__PRETRAIN_efficientnetb5__LOSS_BinaryFocalLoss(alpha=0.75, gamma=0.75)__EPOCH_100__TRAIN_800__TEST_80",segmentation-models Unet,efficientnetb5,"BinaryFocalLoss(alpha=0.75, gamma=0.75)",efficientnetb5 test,4,100,800,80,0.555445039,0.452677965,0.622701406,0.867650688,0.141804144,0.246619031,0.427186468,0.572280765,0.727226734
1/8/2020 20:48,SAR-Intensity,FALSE,"ID_158__MODEL_segmentation-models Unet__PRETRAIN_efficientnetb5__LOSS_BinaryFocalLoss(alpha=0.75, gamma=0.75)__EPOCH_100__TRAIN_800__TEST_80",segmentation-models Unet,efficientnetb5,"BinaryFocalLoss(alpha=0.75, gamma=0.75)",efficientnetb5 test,4,100,800,80,0.566490865,0.44240126,0.61276263,0.882371616,0.126996174,0.223739162,0.408340976,0.591298699,0.742408693
2/8/2020 12:55,SAR-Intensity,FALSE,ID_161__MODEL_segmentation-models Unet__PRETRAIN_resnet152__LOSS_JaccardLoss()__EPOCH_100__TRAIN_800__TEST_80,segmentation-models Unet,resnet152,JaccardLoss(),resnet152 test,4,100,800,80,0.537639523,0.468142837,0.637322485,0.894394636,0.111638881,0.200085029,0.406065149,0.593689084,0.743848443
3/8/2020 8:27,SAR-Intensity,FALSE,ID_162__MODEL_segmentation-models Unet__PRETRAIN_resnet152__LOSS_JaccardLoss()__EPOCH_100__TRAIN_800__TEST_80,segmentation-models Unet,resnet152,JaccardLoss(),resnet152 test,4,100,800,80,0.563535523,0.445775419,0.615952075,0.902830911,0.103044309,0.186049953,0.468836938,0.530791223,0.691897094
3/8/2020 9:37,SAR-Intensity,FALSE,ID_163__MODEL_segmentation-models Unet__PRETRAIN_resnet152__LOSS_DiceLoss(beta=1.25)__EPOCH_100__TRAIN_800__TEST_80,segmentation-models Unet,resnet152,DiceLoss(beta=1.25),resnet152 test,4,100,800,80,0.545118475,0.459592849,0.629545152,0.849521232,0.162691519,0.277258039,0.491131143,0.509195089,0.673572838
3/8/2020 11:20,SAR-Intensity,FALSE,ID_164__MODEL_segmentation-models Unet__PRETRAIN_resnet152__LOSS_DiceLoss(beta=1.25)__EPOCH_100__TRAIN_800__TEST_80,segmentation-models Unet,resnet152,DiceLoss(beta=1.25),resnet152 test,4,100,800,80,0.548600733,0.461059093,0.630322039,0.893614733,0.114098094,0.203539386,0.408729055,0.590831518,0.741649687
3/8/2020 12:37,SAR-Intensity,FALSE,ID_165__MODEL_segmentation-models Unet__PRETRAIN_resnet152__LOSS_BinaryCELoss()__EPOCH_100__TRAIN_800__TEST_80,segmentation-models Unet,resnet152,BinaryCELoss(),resnet152 test,4,100,800,80,0.601784444,0.410601169,0.580825329,0.88877697,0.121123046,0.213826373,0.553901537,0.446000516,0.615241826
4/8/2020 11:20,SAR-Intensity,FALSE,ID_166__MODEL_segmentation-models Unet__PRETRAIN_resnet152__LOSS_BinaryCELoss()__EPOCH_100__TRAIN_800__TEST_80,segmentation-models Unet,resnet152,BinaryCELoss(),resnet152 test,4,100,800,80,0.546767116,0.4550439,0.62535965,0.809703112,0.20487283,0.33660734,0.503184793,0.49679512,0.6631066
4/8/2020 12:57,SAR-Intensity,FALSE,"ID_167__MODEL_segmentation-models Unet__PRETRAIN_resnet152__LOSS_BinaryFocalLoss(alpha=0.75, gamma=0.75)__EPOCH_100__TRAIN_800__TEST_80",segmentation-models Unet,resnet152,"BinaryFocalLoss(alpha=0.75, gamma=0.75)",resnet152 test,4,100,800,80,0.552177799,0.45500508,0.6249994,0.892286384,0.114471555,0.20446223,0.479369779,0.5206738,0.6832892
6/8/2020 8:40,SAR-Intensity,FALSE,"ID_168__MODEL_segmentation-models Unet__PRETRAIN_resnet152__LOSS_BinaryFocalLoss(alpha=0.75, gamma=0.75)__EPOCH_100__TRAIN_800__TEST_80",segmentation-models Unet,resnet152,"BinaryFocalLoss(alpha=0.75, gamma=0.75)",resnet152 test,4,100,800,80,0.690202141,0.31689617,0.48044553,0.952785707,0.050163254,0.095294654,0.636984743,0.36219117,0.5291906
